,method,n_qubits,gadgets,topo,naive_cx,naive_depth,circ_cx,circ_depth
0,tket_uccs_set,8,10,complete,56,63,56,81
1,tket_uccs_pair,8,10,complete,56,63,56,84
2,pauliopt_steiner_nc,8,10,complete,56,63,54,66
3,pauliopt_ucc,8,10,complete,56,63,65,104
4,tket_uccs_set,8,10,complete,44,59,42,68
5,tket_uccs_pair,8,10,complete,44,59,42,67
6,pauliopt_steiner_nc,8,10,complete,44,59,42,58
7,pauliopt_ucc,8,10,complete,44,59,61,92
8,tket_uccs_set,8,10,complete,50,63,48,78
9,tket_uccs_pair,8,10,complete,50,63,46,80
10,pauliopt_steiner_nc,8,10,complete,50,63,44,56
11,pauliopt_ucc,8,10,complete,50,63,66,85
12,tket_uccs_set,8,10,complete,74,95,69,108
13,tket_uccs_pair,8,10,complete,74,95,68,113
14,pauliopt_steiner_nc,8,10,complete,74,95,66,85
15,pauliopt_ucc,8,10,complete,74,95,68,88
16,tket_uccs_set,8,10,complete,80,99,72,100
17,tket_uccs_pair,8,10,complete,80,99,66,98
18,pauliopt_steiner_nc,8,10,complete,80,99,72,92
19,pauliopt_ucc,8,10,complete,80,99,76,113
20,tket_uccs_set,8,10,complete,54,66,50,72
21,tket_uccs_pair,8,10,complete,54,66,46,80
22,pauliopt_steiner_nc,8,10,complete,54,66,52,74
23,pauliopt_ucc,8,10,complete,54,66,64,94
24,tket_uccs_set,8,10,complete,50,59,50,75
25,tket_uccs_pair,8,10,complete,50,59,44,78
26,pauliopt_steiner_nc,8,10,complete,50,59,46,60
27,pauliopt_ucc,8,10,complete,50,59,70,102
28,tket_uccs_set,8,10,complete,68,91,58,92
29,tket_uccs_pair,8,10,complete,68,91,50,92
30,pauliopt_steiner_nc,8,10,complete,68,91,62,83
31,pauliopt_ucc,8,10,complete,68,91,71,108
32,tket_uccs_set,8,10,complete,78,100,62,114
33,tket_uccs_pair,8,10,complete,78,100,64,110
34,pauliopt_steiner_nc,8,10,complete,78,100,74,94
35,pauliopt_ucc,8,10,complete,78,100,79,111
36,tket_uccs_set,8,10,complete,44,65,46,75
37,tket_uccs_pair,8,10,complete,44,65,44,68
38,pauliopt_steiner_nc,8,10,complete,44,65,44,64
39,pauliopt_ucc,8,10,complete,44,65,60,96
40,tket_uccs_set,8,10,complete,40,44,46,62
41,tket_uccs_pair,8,10,complete,40,44,36,62
42,pauliopt_steiner_nc,8,10,complete,40,44,40,60
43,pauliopt_ucc,8,10,complete,40,44,82,96
44,tket_uccs_set,8,10,complete,38,46,32,63
45,tket_uccs_pair,8,10,complete,38,46,30,65
46,pauliopt_steiner_nc,8,10,complete,38,46,36,54
47,pauliopt_ucc,8,10,complete,38,46,53,83
48,tket_uccs_set,8,10,complete,60,76,54,71
49,tket_uccs_pair,8,10,complete,60,76,50,86
50,pauliopt_steiner_nc,8,10,complete,60,76,52,63
51,pauliopt_ucc,8,10,complete,60,76,73,93
52,tket_uccs_set,8,10,complete,46,52,46,72
53,tket_uccs_pair,8,10,complete,46,52,42,80
54,pauliopt_steiner_nc,8,10,complete,46,52,46,67
55,pauliopt_ucc,8,10,complete,46,52,62,83
56,tket_uccs_set,8,10,complete,42,54,36,49
57,tket_uccs_pair,8,10,complete,42,54,38,60
58,pauliopt_steiner_nc,8,10,complete,42,54,42,62
59,pauliopt_ucc,8,10,complete,42,54,61,99
60,tket_uccs_set,8,10,complete,56,67,52,77
61,tket_uccs_pair,8,10,complete,56,67,54,89
62,pauliopt_steiner_nc,8,10,complete,56,67,52,73
63,pauliopt_ucc,8,10,complete,56,67,67,96
64,tket_uccs_set,8,10,complete,98,118,78,108
65,tket_uccs_pair,8,10,complete,98,118,86,110
66,pauliopt_steiner_nc,8,10,complete,98,118,88,113
67,pauliopt_ucc,8,10,complete,98,118,85,105
68,tket_uccs_set,8,10,complete,66,73,52,87
69,tket_uccs_pair,8,10,complete,66,73,52,100
70,pauliopt_steiner_nc,8,10,complete,66,73,62,79
71,pauliopt_ucc,8,10,complete,66,73,75,112
72,tket_uccs_set,8,10,complete,52,67,53,82
73,tket_uccs_pair,8,10,complete,52,67,44,76
74,pauliopt_steiner_nc,8,10,complete,52,67,44,61
75,pauliopt_ucc,8,10,complete,52,67,75,96
76,tket_uccs_set,8,10,complete,80,93,60,104
77,tket_uccs_pair,8,10,complete,80,93,64,92
78,pauliopt_steiner_nc,8,10,complete,80,93,66,81
79,pauliopt_ucc,8,10,complete,80,93,74,107
80,tket_uccs_set,8,20,complete,98,118,80,139
81,tket_uccs_pair,8,20,complete,98,118,80,142
82,pauliopt_steiner_nc,8,20,complete,98,118,92,127
83,pauliopt_ucc,8,20,complete,98,118,108,156
84,tket_uccs_set,8,20,complete,136,171,111,156
85,tket_uccs_pair,8,20,complete,136,171,112,159
86,pauliopt_steiner_nc,8,20,complete,136,171,112,149
87,pauliopt_ucc,8,20,complete,136,171,121,158
88,tket_uccs_set,8,20,complete,106,134,86,132
89,tket_uccs_pair,8,20,complete,106,134,88,147
90,pauliopt_steiner_nc,8,20,complete,106,134,92,129
91,pauliopt_ucc,8,20,complete,106,134,128,148
92,tket_uccs_set,8,20,complete,112,140,98,141
93,tket_uccs_pair,8,20,complete,112,140,94,146
94,pauliopt_steiner_nc,8,20,complete,112,140,100,133
95,pauliopt_ucc,8,20,complete,112,140,124,150
96,tket_uccs_set,8,20,complete,128,165,105,156
97,tket_uccs_pair,8,20,complete,128,165,112,169
98,pauliopt_steiner_nc,8,20,complete,128,165,118,152
99,pauliopt_ucc,8,20,complete,128,165,117,167
100,tket_uccs_set,8,20,complete,126,153,122,160
101,tket_uccs_pair,8,20,complete,126,153,110,174
102,pauliopt_steiner_nc,8,20,complete,126,153,110,140
103,pauliopt_ucc,8,20,complete,126,153,142,196
104,tket_uccs_set,8,20,complete,104,127,90,139
105,tket_uccs_pair,8,20,complete,104,127,92,147
106,pauliopt_steiner_nc,8,20,complete,104,127,98,130
107,pauliopt_ucc,8,20,complete,104,127,118,163
108,tket_uccs_set,8,20,complete,122,149,110,169
109,tket_uccs_pair,8,20,complete,122,149,94,165
110,pauliopt_steiner_nc,8,20,complete,122,149,118,158
111,pauliopt_ucc,8,20,complete,122,149,119,162
112,tket_uccs_set,8,20,complete,116,144,101,169
113,tket_uccs_pair,8,20,complete,116,144,104,174
114,pauliopt_steiner_nc,8,20,complete,116,144,102,135
115,pauliopt_ucc,8,20,complete,116,144,104,144
116,tket_uccs_set,8,20,complete,130,162,102,146
117,tket_uccs_pair,8,20,complete,130,162,118,175
118,pauliopt_steiner_nc,8,20,complete,130,162,114,146
119,pauliopt_ucc,8,20,complete,130,162,112,160
120,tket_uccs_set,8,20,complete,122,152,105,184
121,tket_uccs_pair,8,20,complete,122,152,108,164
122,pauliopt_steiner_nc,8,20,complete,122,152,114,151
123,pauliopt_ucc,8,20,complete,122,152,103,143
124,tket_uccs_set,8,20,complete,112,134,104,164
125,tket_uccs_pair,8,20,complete,112,134,96,150
126,pauliopt_steiner_nc,8,20,complete,112,134,92,129
127,pauliopt_ucc,8,20,complete,112,134,112,153
128,tket_uccs_set,8,20,complete,124,150,104,164
129,tket_uccs_pair,8,20,complete,124,150,104,169
130,pauliopt_steiner_nc,8,20,complete,124,150,110,141
131,pauliopt_ucc,8,20,complete,124,150,126,165
132,tket_uccs_set,8,20,complete,112,140,102,151
133,tket_uccs_pair,8,20,complete,112,140,96,149
134,pauliopt_steiner_nc,8,20,complete,112,140,100,130
135,pauliopt_ucc,8,20,complete,112,140,121,161
136,tket_uccs_set,8,20,complete,98,120,95,133
137,tket_uccs_pair,8,20,complete,98,120,88,137
138,pauliopt_steiner_nc,8,20,complete,98,120,86,114
139,pauliopt_ucc,8,20,complete,98,120,124,178
140,tket_uccs_set,8,20,complete,116,149,94,140
141,tket_uccs_pair,8,20,complete,116,149,96,142
142,pauliopt_steiner_nc,8,20,complete,116,149,102,138
143,pauliopt_ucc,8,20,complete,116,149,135,192
144,tket_uccs_set,8,20,complete,112,131,98,138
145,tket_uccs_pair,8,20,complete,112,131,96,140
146,pauliopt_steiner_nc,8,20,complete,112,131,104,139
147,pauliopt_ucc,8,20,complete,112,131,107,140
148,tket_uccs_set,8,20,complete,142,172,134,197
149,tket_uccs_pair,8,20,complete,142,172,120,189
150,pauliopt_steiner_nc,8,20,complete,142,172,128,171
151,pauliopt_ucc,8,20,complete,142,172,113,139
152,tket_uccs_set,8,20,complete,106,136,91,147
153,tket_uccs_pair,8,20,complete,106,136,96,154
154,pauliopt_steiner_nc,8,20,complete,106,136,94,129
155,pauliopt_ucc,8,20,complete,106,136,119,156
156,tket_uccs_set,8,20,complete,102,121,96,129
157,tket_uccs_pair,8,20,complete,102,121,90,134
158,pauliopt_steiner_nc,8,20,complete,102,121,96,130
159,pauliopt_ucc,8,20,complete,102,121,112,138
160,tket_uccs_set,8,30,complete,172,221,146,206
161,tket_uccs_pair,8,30,complete,172,221,144,219
162,pauliopt_steiner_nc,8,30,complete,172,221,150,208
163,pauliopt_ucc,8,30,complete,172,221,171,220
164,tket_uccs_set,8,30,complete,148,183,128,204
165,tket_uccs_pair,8,30,complete,148,183,120,206
166,pauliopt_steiner_nc,8,30,complete,148,183,142,195
167,pauliopt_ucc,8,30,complete,148,183,163,198
168,tket_uccs_set,8,30,complete,182,231,164,228
169,tket_uccs_pair,8,30,complete,182,231,158,249
170,pauliopt_steiner_nc,8,30,complete,182,231,154,200
171,pauliopt_ucc,8,30,complete,182,231,174,247
172,tket_uccs_set,8,30,complete,184,241,171,255
173,tket_uccs_pair,8,30,complete,184,241,158,253
174,pauliopt_steiner_nc,8,30,complete,184,241,166,215
175,pauliopt_ucc,8,30,complete,184,241,199,259
176,tket_uccs_set,8,30,complete,158,205,154,190
177,tket_uccs_pair,8,30,complete,158,205,128,224
178,pauliopt_steiner_nc,8,30,complete,158,205,132,186
179,pauliopt_ucc,8,30,complete,158,205,187,230
180,tket_uccs_set,8,30,complete,184,218,168,227
181,tket_uccs_pair,8,30,complete,184,218,162,221
182,pauliopt_steiner_nc,8,30,complete,184,218,168,216
183,pauliopt_ucc,8,30,complete,184,218,166,216
184,tket_uccs_set,8,30,complete,164,212,155,207
185,tket_uccs_pair,8,30,complete,164,212,148,231
186,pauliopt_steiner_nc,8,30,complete,164,212,152,201
187,pauliopt_ucc,8,30,complete,164,212,192,252
188,tket_uccs_set,8,30,complete,174,200,169,216
189,tket_uccs_pair,8,30,complete,174,200,144,203
190,pauliopt_steiner_nc,8,30,complete,174,200,158,215
191,pauliopt_ucc,8,30,complete,174,200,152,210
192,tket_uccs_set,8,30,complete,146,188,126,204
193,tket_uccs_pair,8,30,complete,146,188,130,197
194,pauliopt_steiner_nc,8,30,complete,146,188,136,189
195,pauliopt_ucc,8,30,complete,146,188,149,199
196,tket_uccs_set,8,30,complete,194,242,154,231
197,tket_uccs_pair,8,30,complete,194,242,164,238
198,pauliopt_steiner_nc,8,30,complete,194,242,178,226
199,pauliopt_ucc,8,30,complete,194,242,165,200
200,tket_uccs_set,8,30,complete,148,185,128,198
201,tket_uccs_pair,8,30,complete,148,185,132,199
202,pauliopt_steiner_nc,8,30,complete,148,185,134,179
203,pauliopt_ucc,8,30,complete,148,185,181,252
204,tket_uccs_set,8,30,complete,144,188,128,195
205,tket_uccs_pair,8,30,complete,144,188,132,229
206,pauliopt_steiner_nc,8,30,complete,144,188,136,186
207,pauliopt_ucc,8,30,complete,144,188,160,210
208,tket_uccs_set,8,30,complete,150,199,137,188
209,tket_uccs_pair,8,30,complete,150,199,144,202
210,pauliopt_steiner_nc,8,30,complete,150,199,142,194
211,pauliopt_ucc,8,30,complete,150,199,155,215
212,tket_uccs_set,8,30,complete,182,222,171,227
213,tket_uccs_pair,8,30,complete,182,222,160,258
214,pauliopt_steiner_nc,8,30,complete,182,222,162,226
215,pauliopt_ucc,8,30,complete,182,222,184,246
216,tket_uccs_set,8,30,complete,140,181,120,201
217,tket_uccs_pair,8,30,complete,140,181,114,182
218,pauliopt_steiner_nc,8,30,complete,140,181,132,181
219,pauliopt_ucc,8,30,complete,140,181,171,214
220,tket_uccs_set,8,30,complete,172,226,156,195
221,tket_uccs_pair,8,30,complete,172,226,150,242
222,pauliopt_steiner_nc,8,30,complete,172,226,160,207
223,pauliopt_ucc,8,30,complete,172,226,161,209
224,tket_uccs_set,8,30,complete,198,254,152,212
225,tket_uccs_pair,8,30,complete,198,254,158,234
226,pauliopt_steiner_nc,8,30,complete,198,254,168,227
227,pauliopt_ucc,8,30,complete,198,254,156,177
228,tket_uccs_set,8,30,complete,184,223,153,223
229,tket_uccs_pair,8,30,complete,184,223,150,227
230,pauliopt_steiner_nc,8,30,complete,184,223,164,217
231,pauliopt_ucc,8,30,complete,184,223,162,212
232,tket_uccs_set,8,30,complete,176,212,148,192
233,tket_uccs_pair,8,30,complete,176,212,154,223
234,pauliopt_steiner_nc,8,30,complete,176,212,146,198
235,pauliopt_ucc,8,30,complete,176,212,174,214
236,tket_uccs_set,8,30,complete,160,187,137,211
237,tket_uccs_pair,8,30,complete,160,187,138,226
238,pauliopt_steiner_nc,8,30,complete,160,187,148,197
239,pauliopt_ucc,8,30,complete,160,187,143,191
240,tket_uccs_set,8,40,complete,284,352,241,344
241,tket_uccs_pair,8,40,complete,284,352,232,356
242,pauliopt_steiner_nc,8,40,complete,284,352,216,294
243,pauliopt_ucc,8,40,complete,284,352,197,278
244,tket_uccs_set,8,40,complete,210,245,165,240
245,tket_uccs_pair,8,40,complete,210,245,180,294
246,pauliopt_steiner_nc,8,40,complete,210,245,184,250
247,pauliopt_ucc,8,40,complete,210,245,223,267
248,tket_uccs_set,8,40,complete,296,351,248,346
249,tket_uccs_pair,8,40,complete,296,351,242,355
250,pauliopt_steiner_nc,8,40,complete,296,351,228,292
251,pauliopt_ucc,8,40,complete,296,351,200,249
252,tket_uccs_set,8,40,complete,238,280,205,294
253,tket_uccs_pair,8,40,complete,238,280,200,303
254,pauliopt_steiner_nc,8,40,complete,238,280,198,264
255,pauliopt_ucc,8,40,complete,238,280,183,256
256,tket_uccs_set,8,40,complete,242,294,226,337
257,tket_uccs_pair,8,40,complete,242,294,208,316
258,pauliopt_steiner_nc,8,40,complete,242,294,192,256
259,pauliopt_ucc,8,40,complete,242,294,214,304
260,tket_uccs_set,8,40,complete,240,294,200,286
261,tket_uccs_pair,8,40,complete,240,294,204,295
262,pauliopt_steiner_nc,8,40,complete,240,294,210,264
263,pauliopt_ucc,8,40,complete,240,294,228,305
264,tket_uccs_set,8,40,complete,266,312,244,329
265,tket_uccs_pair,8,40,complete,266,312,212,338
266,pauliopt_steiner_nc,8,40,complete,266,312,244,320
267,pauliopt_ucc,8,40,complete,266,312,197,258
268,tket_uccs_set,8,40,complete,226,281,201,266
269,tket_uccs_pair,8,40,complete,226,281,194,295
270,pauliopt_steiner_nc,8,40,complete,226,281,196,264
271,pauliopt_ucc,8,40,complete,226,281,206,255
272,tket_uccs_set,8,40,complete,310,367,251,386
273,tket_uccs_pair,8,40,complete,310,367,246,349
274,pauliopt_steiner_nc,8,40,complete,310,367,248,326
275,pauliopt_ucc,8,40,complete,310,367,202,282
276,tket_uccs_set,8,40,complete,182,237,166,228
277,tket_uccs_pair,8,40,complete,182,237,148,246
278,pauliopt_steiner_nc,8,40,complete,182,237,164,242
279,pauliopt_ucc,8,40,complete,182,237,197,266
280,tket_uccs_set,8,40,complete,260,325,221,315
281,tket_uccs_pair,8,40,complete,260,325,214,322
282,pauliopt_steiner_nc,8,40,complete,260,325,230,318
283,pauliopt_ucc,8,40,complete,260,325,208,284
284,tket_uccs_set,8,40,complete,236,283,187,291
285,tket_uccs_pair,8,40,complete,236,283,198,298
286,pauliopt_steiner_nc,8,40,complete,236,283,208,280
287,pauliopt_ucc,8,40,complete,236,283,205,280
288,tket_uccs_set,8,40,complete,254,324,200,313
289,tket_uccs_pair,8,40,complete,254,324,214,338
290,pauliopt_steiner_nc,8,40,complete,254,324,212,281
291,pauliopt_ucc,8,40,complete,254,324,200,256
292,tket_uccs_set,8,40,complete,240,293,217,311
293,tket_uccs_pair,8,40,complete,240,293,198,298
294,pauliopt_steiner_nc,8,40,complete,240,293,224,295
295,pauliopt_ucc,8,40,complete,240,293,206,251
296,tket_uccs_set,8,40,complete,204,264,181,283
297,tket_uccs_pair,8,40,complete,204,264,174,297
298,pauliopt_steiner_nc,8,40,complete,204,264,176,244
299,pauliopt_ucc,8,40,complete,204,264,175,228
300,tket_uccs_set,8,40,complete,284,327,259,342
301,tket_uccs_pair,8,40,complete,284,327,240,355
302,pauliopt_steiner_nc,8,40,complete,284,327,244,325
303,pauliopt_ucc,8,40,complete,284,327,211,284
304,tket_uccs_set,8,40,complete,240,295,211,298
305,tket_uccs_pair,8,40,complete,240,295,206,315
306,pauliopt_steiner_nc,8,40,complete,240,295,192,251
307,pauliopt_ucc,8,40,complete,240,295,205,286
308,tket_uccs_set,8,40,complete,234,295,197,262
309,tket_uccs_pair,8,40,complete,234,295,200,309
310,pauliopt_steiner_nc,8,40,complete,234,295,194,282
311,pauliopt_ucc,8,40,complete,234,295,233,334
312,tket_uccs_set,8,40,complete,246,312,224,323
313,tket_uccs_pair,8,40,complete,246,312,198,313
314,pauliopt_steiner_nc,8,40,complete,246,312,202,274
315,pauliopt_ucc,8,40,complete,246,312,198,261
316,tket_uccs_set,8,40,complete,266,331,235,317
317,tket_uccs_pair,8,40,complete,266,331,218,319
318,pauliopt_steiner_nc,8,40,complete,266,331,198,267
319,pauliopt_ucc,8,40,complete,266,331,179,244
320,tket_uccs_set,8,50,complete,262,335,218,297
321,tket_uccs_pair,8,50,complete,262,335,230,367
322,pauliopt_steiner_nc,8,50,complete,262,335,226,322
323,pauliopt_ucc,8,50,complete,262,335,246,318
324,tket_uccs_set,8,50,complete,262,345,269,381
325,tket_uccs_pair,8,50,complete,262,345,232,355
326,pauliopt_steiner_nc,8,50,complete,262,345,226,309
327,pauliopt_ucc,8,50,complete,262,345,241,287
328,tket_uccs_set,8,50,complete,312,384,268,399
329,tket_uccs_pair,8,50,complete,312,384,264,427
330,pauliopt_steiner_nc,8,50,complete,312,384,276,358
331,pauliopt_ucc,8,50,complete,312,384,312,408
332,tket_uccs_set,8,50,complete,254,314,226,309
333,tket_uccs_pair,8,50,complete,254,314,206,327
334,pauliopt_steiner_nc,8,50,complete,254,314,206,288
335,pauliopt_ucc,8,50,complete,254,314,207,263
336,tket_uccs_set,8,50,complete,318,399,292,408
337,tket_uccs_pair,8,50,complete,318,399,260,387
338,pauliopt_steiner_nc,8,50,complete,318,399,270,358
339,pauliopt_ucc,8,50,complete,318,399,243,310
340,tket_uccs_set,8,50,complete,290,360,243,361
341,tket_uccs_pair,8,50,complete,290,360,242,368
342,pauliopt_steiner_nc,8,50,complete,290,360,250,326
343,pauliopt_ucc,8,50,complete,290,360,203,266
344,tket_uccs_set,8,50,complete,318,381,276,355
345,tket_uccs_pair,8,50,complete,318,381,266,389
346,pauliopt_steiner_nc,8,50,complete,318,381,260,346
347,pauliopt_ucc,8,50,complete,318,381,233,274
348,tket_uccs_set,8,50,complete,286,344,244,336
349,tket_uccs_pair,8,50,complete,286,344,244,367
350,pauliopt_steiner_nc,8,50,complete,286,344,230,326
351,pauliopt_ucc,8,50,complete,286,344,260,318
352,tket_uccs_set,8,50,complete,280,354,240,374
353,tket_uccs_pair,8,50,complete,280,354,238,361
354,pauliopt_steiner_nc,8,50,complete,280,354,250,347
355,pauliopt_ucc,8,50,complete,280,354,233,304
356,tket_uccs_set,8,50,complete,376,465,287,450
357,tket_uccs_pair,8,50,complete,376,465,296,457
358,pauliopt_steiner_nc,8,50,complete,376,465,314,401
359,pauliopt_ucc,8,50,complete,376,465,280,337
360,tket_uccs_set,8,50,complete,346,429,292,417
361,tket_uccs_pair,8,50,complete,346,429,288,401
362,pauliopt_steiner_nc,8,50,complete,346,429,266,349
363,pauliopt_ucc,8,50,complete,346,429,221,304
364,tket_uccs_set,8,50,complete,280,341,233,332
365,tket_uccs_pair,8,50,complete,280,341,240,373
366,pauliopt_steiner_nc,8,50,complete,280,341,236,323
367,pauliopt_ucc,8,50,complete,280,341,226,302
368,tket_uccs_set,8,50,complete,312,370,262,349
369,tket_uccs_pair,8,50,complete,312,370,258,396
370,pauliopt_steiner_nc,8,50,complete,312,370,254,342
371,pauliopt_ucc,8,50,complete,312,370,231,307
372,tket_uccs_set,8,50,complete,342,427,301,407
373,tket_uccs_pair,8,50,complete,342,427,290,427
374,pauliopt_steiner_nc,8,50,complete,342,427,284,370
375,pauliopt_ucc,8,50,complete,342,427,226,272
376,tket_uccs_set,8,50,complete,266,344,231,348
377,tket_uccs_pair,8,50,complete,266,344,226,346
378,pauliopt_steiner_nc,8,50,complete,266,344,236,315
379,pauliopt_ucc,8,50,complete,266,344,243,317
380,tket_uccs_set,8,50,complete,252,313,224,316
381,tket_uccs_pair,8,50,complete,252,313,220,361
382,pauliopt_steiner_nc,8,50,complete,252,313,218,300
383,pauliopt_ucc,8,50,complete,252,313,240,307
384,tket_uccs_set,8,50,complete,354,421,280,374
385,tket_uccs_pair,8,50,complete,354,421,276,385
386,pauliopt_steiner_nc,8,50,complete,354,421,294,381
387,pauliopt_ucc,8,50,complete,354,421,230,285
388,tket_uccs_set,8,50,complete,396,487,326,461
389,tket_uccs_pair,8,50,complete,396,487,326,457
390,pauliopt_steiner_nc,8,50,complete,396,487,330,426
391,pauliopt_ucc,8,50,complete,396,487,269,322
392,tket_uccs_set,8,50,complete,306,374,240,347
393,tket_uccs_pair,8,50,complete,306,374,256,384
394,pauliopt_steiner_nc,8,50,complete,306,374,230,311
395,pauliopt_ucc,8,50,complete,306,374,257,334
396,tket_uccs_set,8,50,complete,282,350,243,333
397,tket_uccs_pair,8,50,complete,282,350,238,376
398,pauliopt_steiner_nc,8,50,complete,282,350,244,327
399,pauliopt_ucc,8,50,complete,282,350,249,317
400,tket_uccs_set,8,70,complete,432,524,362,475
401,tket_uccs_pair,8,70,complete,432,524,362,545
402,pauliopt_steiner_nc,8,70,complete,432,524,328,457
403,pauliopt_ucc,8,70,complete,432,524,311,398
404,tket_uccs_set,8,70,complete,378,455,325,435
405,tket_uccs_pair,8,70,complete,378,455,308,510
406,pauliopt_steiner_nc,8,70,complete,378,455,324,442
407,pauliopt_ucc,8,70,complete,378,455,311,386
408,tket_uccs_set,8,70,complete,444,543,373,538
409,tket_uccs_pair,8,70,complete,444,543,374,562
410,pauliopt_steiner_nc,8,70,complete,444,543,362,477
411,pauliopt_ucc,8,70,complete,444,543,361,440
412,tket_uccs_set,8,70,complete,458,574,359,536
413,tket_uccs_pair,8,70,complete,458,574,370,576
414,pauliopt_steiner_nc,8,70,complete,458,574,350,478
415,pauliopt_ucc,8,70,complete,458,574,303,411
416,tket_uccs_set,8,70,complete,440,542,355,470
417,tket_uccs_pair,8,70,complete,440,542,352,516
418,pauliopt_steiner_nc,8,70,complete,440,542,370,506
419,pauliopt_ucc,8,70,complete,440,542,329,431
420,tket_uccs_set,8,70,complete,348,449,337,444
421,tket_uccs_pair,8,70,complete,348,449,294,437
422,pauliopt_steiner_nc,8,70,complete,348,449,308,414
423,pauliopt_ucc,8,70,complete,348,449,320,419
424,tket_uccs_set,8,70,complete,424,521,385,524
425,tket_uccs_pair,8,70,complete,424,521,358,542
426,pauliopt_steiner_nc,8,70,complete,424,521,320,438
427,pauliopt_ucc,8,70,complete,424,521,373,458
428,tket_uccs_set,8,70,complete,388,485,365,500
429,tket_uccs_pair,8,70,complete,388,485,330,481
430,pauliopt_steiner_nc,8,70,complete,388,485,292,414
431,pauliopt_ucc,8,70,complete,388,485,353,434
432,tket_uccs_set,8,70,complete,412,498,327,481
433,tket_uccs_pair,8,70,complete,412,498,334,510
434,pauliopt_steiner_nc,8,70,complete,412,498,340,468
435,pauliopt_ucc,8,70,complete,412,498,297,376
436,tket_uccs_set,8,70,complete,462,561,384,506
437,tket_uccs_pair,8,70,complete,462,561,378,561
438,pauliopt_steiner_nc,8,70,complete,462,561,374,505
439,pauliopt_ucc,8,70,complete,462,561,339,444
440,tket_uccs_set,8,70,complete,464,570,384,557
441,tket_uccs_pair,8,70,complete,464,570,376,612
442,pauliopt_steiner_nc,8,70,complete,464,570,366,506
443,pauliopt_ucc,8,70,complete,464,570,349,448
444,tket_uccs_set,8,70,complete,472,554,409,575
445,tket_uccs_pair,8,70,complete,472,554,382,581
446,pauliopt_steiner_nc,8,70,complete,472,554,374,503
447,pauliopt_ucc,8,70,complete,472,554,339,432
448,tket_uccs_set,8,70,complete,454,550,382,545
449,tket_uccs_pair,8,70,complete,454,550,360,542
450,pauliopt_steiner_nc,8,70,complete,454,550,378,523
451,pauliopt_ucc,8,70,complete,454,550,330,414
452,tket_uccs_set,8,70,complete,378,460,318,422
453,tket_uccs_pair,8,70,complete,378,460,318,470
454,pauliopt_steiner_nc,8,70,complete,378,460,322,436
455,pauliopt_ucc,8,70,complete,378,460,324,422
456,tket_uccs_set,8,70,complete,436,532,340,451
457,tket_uccs_pair,8,70,complete,436,532,346,504
458,pauliopt_steiner_nc,8,70,complete,436,532,376,489
459,pauliopt_ucc,8,70,complete,436,532,346,440
460,tket_uccs_set,8,70,complete,342,416,307,440
461,tket_uccs_pair,8,70,complete,342,416,292,420
462,pauliopt_steiner_nc,8,70,complete,342,416,308,409
463,pauliopt_ucc,8,70,complete,342,416,315,383
464,tket_uccs_set,8,70,complete,392,494,332,462
465,tket_uccs_pair,8,70,complete,392,494,334,497
466,pauliopt_steiner_nc,8,70,complete,392,494,322,434
467,pauliopt_ucc,8,70,complete,392,494,321,436
468,tket_uccs_set,8,70,complete,408,492,355,470
469,tket_uccs_pair,8,70,complete,408,492,348,540
470,pauliopt_steiner_nc,8,70,complete,408,492,336,462
471,pauliopt_ucc,8,70,complete,408,492,324,407
472,tket_uccs_set,8,70,complete,438,529,364,531
473,tket_uccs_pair,8,70,complete,438,529,360,539
474,pauliopt_steiner_nc,8,70,complete,438,529,382,512
475,pauliopt_ucc,8,70,complete,438,529,349,465
476,tket_uccs_set,8,70,complete,432,527,352,510
477,tket_uccs_pair,8,70,complete,432,527,358,541
478,pauliopt_steiner_nc,8,70,complete,432,527,332,453
479,pauliopt_ucc,8,70,complete,432,527,353,437
480,tket_uccs_set,8,90,complete,578,708,497,714
481,tket_uccs_pair,8,90,complete,578,708,474,705
482,pauliopt_steiner_nc,8,90,complete,578,708,468,642
483,pauliopt_ucc,8,90,complete,578,708,410,541
484,tket_uccs_set,8,90,complete,530,676,481,662
485,tket_uccs_pair,8,90,complete,530,676,434,640
486,pauliopt_steiner_nc,8,90,complete,530,676,428,593
487,pauliopt_ucc,8,90,complete,530,676,434,554
488,tket_uccs_set,8,90,complete,536,639,430,586
489,tket_uccs_pair,8,90,complete,536,639,446,654
490,pauliopt_steiner_nc,8,90,complete,536,639,424,591
491,pauliopt_ucc,8,90,complete,536,639,404,521
492,tket_uccs_set,8,90,complete,438,529,400,560
493,tket_uccs_pair,8,90,complete,438,529,390,570
494,pauliopt_steiner_nc,8,90,complete,438,529,354,509
495,pauliopt_ucc,8,90,complete,438,529,417,493
496,tket_uccs_set,8,90,complete,492,612,418,579
497,tket_uccs_pair,8,90,complete,492,612,416,605
498,pauliopt_steiner_nc,8,90,complete,492,612,390,549
499,pauliopt_ucc,8,90,complete,492,612,415,497
500,tket_uccs_set,8,90,complete,592,693,468,631
501,tket_uccs_pair,8,90,complete,592,693,496,701
502,pauliopt_steiner_nc,8,90,complete,592,693,446,623
503,pauliopt_ucc,8,90,complete,592,693,433,537
504,tket_uccs_set,8,90,complete,600,737,471,645
505,tket_uccs_pair,8,90,complete,600,737,502,724
506,pauliopt_steiner_nc,8,90,complete,600,737,486,661
507,pauliopt_ucc,8,90,complete,600,737,418,501
508,tket_uccs_set,8,90,complete,512,625,444,647
509,tket_uccs_pair,8,90,complete,512,625,430,652
510,pauliopt_steiner_nc,8,90,complete,512,625,402,585
511,pauliopt_ucc,8,90,complete,512,625,377,470
512,tket_uccs_set,8,90,complete,594,746,504,665
513,tket_uccs_pair,8,90,complete,594,746,474,708
514,pauliopt_steiner_nc,8,90,complete,594,746,460,630
515,pauliopt_ucc,8,90,complete,594,746,426,548
516,tket_uccs_set,8,90,complete,518,617,439,595
517,tket_uccs_pair,8,90,complete,518,617,440,637
518,pauliopt_steiner_nc,8,90,complete,518,617,428,580
519,pauliopt_ucc,8,90,complete,518,617,436,553
520,tket_uccs_set,8,90,complete,510,619,426,589
521,tket_uccs_pair,8,90,complete,510,619,418,640
522,pauliopt_steiner_nc,8,90,complete,510,619,408,576
523,pauliopt_ucc,8,90,complete,510,619,411,545
524,tket_uccs_set,8,90,complete,520,646,439,576
525,tket_uccs_pair,8,90,complete,520,646,422,629
526,pauliopt_steiner_nc,8,90,complete,520,646,422,587
527,pauliopt_ucc,8,90,complete,520,646,352,436
528,tket_uccs_set,8,90,complete,616,757,489,656
529,tket_uccs_pair,8,90,complete,616,757,512,731
530,pauliopt_steiner_nc,8,90,complete,616,757,474,634
531,pauliopt_ucc,8,90,complete,616,757,405,559
532,tket_uccs_set,8,90,complete,516,641,440,611
533,tket_uccs_pair,8,90,complete,516,641,438,657
534,pauliopt_steiner_nc,8,90,complete,516,641,406,578
535,pauliopt_ucc,8,90,complete,516,641,437,572
536,tket_uccs_set,8,90,complete,590,699,503,669
537,tket_uccs_pair,8,90,complete,590,699,460,671
538,pauliopt_steiner_nc,8,90,complete,590,699,420,592
539,pauliopt_ucc,8,90,complete,590,699,428,530
540,tket_uccs_set,8,90,complete,534,649,468,627
541,tket_uccs_pair,8,90,complete,534,649,444,624
542,pauliopt_steiner_nc,8,90,complete,534,649,420,573
543,pauliopt_ucc,8,90,complete,534,649,397,501
544,tket_uccs_set,8,90,complete,468,563,427,554
545,tket_uccs_pair,8,90,complete,468,563,402,595
546,pauliopt_steiner_nc,8,90,complete,468,563,378,518
547,pauliopt_ucc,8,90,complete,468,563,473,573
548,tket_uccs_set,8,90,complete,502,619,489,639
549,tket_uccs_pair,8,90,complete,502,619,432,637
550,pauliopt_steiner_nc,8,90,complete,502,619,402,575
551,pauliopt_ucc,8,90,complete,502,619,433,533
552,tket_uccs_set,8,90,complete,532,629,475,653
553,tket_uccs_pair,8,90,complete,532,629,452,652
554,pauliopt_steiner_nc,8,90,complete,532,629,416,574
555,pauliopt_ucc,8,90,complete,532,629,409,508
556,tket_uccs_set,8,90,complete,604,736,490,668
557,tket_uccs_pair,8,90,complete,604,736,478,703
558,pauliopt_steiner_nc,8,90,complete,604,736,470,636
559,pauliopt_ucc,8,90,complete,604,736,424,514
560,tket_uccs_set,8,110,complete,700,863,567,760
561,tket_uccs_pair,8,110,complete,700,863,576,832
562,pauliopt_steiner_nc,8,110,complete,700,863,550,730
563,pauliopt_ucc,8,110,complete,700,863,529,630
564,tket_uccs_set,8,110,complete,704,835,587,774
565,tket_uccs_pair,8,110,complete,704,835,578,865
566,pauliopt_steiner_nc,8,110,complete,704,835,548,752
567,pauliopt_ucc,8,110,complete,704,835,538,669
568,tket_uccs_set,8,110,complete,648,798,526,733
569,tket_uccs_pair,8,110,complete,648,798,530,783
570,pauliopt_steiner_nc,8,110,complete,648,798,514,699
571,pauliopt_ucc,8,110,complete,648,798,491,618
572,tket_uccs_set,8,110,complete,610,754,502,626
573,tket_uccs_pair,8,110,complete,610,754,502,747
574,pauliopt_steiner_nc,8,110,complete,610,754,472,662
575,pauliopt_ucc,8,110,complete,610,754,484,618
576,tket_uccs_set,8,110,complete,680,812,573,797
577,tket_uccs_pair,8,110,complete,680,812,568,887
578,pauliopt_steiner_nc,8,110,complete,680,812,532,728
579,pauliopt_ucc,8,110,complete,680,812,459,588
580,tket_uccs_set,8,110,complete,692,854,577,787
581,tket_uccs_pair,8,110,complete,692,854,566,825
582,pauliopt_steiner_nc,8,110,complete,692,854,544,749
583,pauliopt_ucc,8,110,complete,692,854,444,595
584,tket_uccs_set,8,110,complete,630,806,549,744
585,tket_uccs_pair,8,110,complete,630,806,534,765
586,pauliopt_steiner_nc,8,110,complete,630,806,478,690
587,pauliopt_ucc,8,110,complete,630,806,485,588
588,tket_uccs_set,8,110,complete,700,862,595,749
589,tket_uccs_pair,8,110,complete,700,862,558,846
590,pauliopt_steiner_nc,8,110,complete,700,862,544,740
591,pauliopt_ucc,8,110,complete,700,862,487,617
592,tket_uccs_set,8,110,complete,676,803,547,774
593,tket_uccs_pair,8,110,complete,676,803,556,839
594,pauliopt_steiner_nc,8,110,complete,676,803,492,695
595,pauliopt_ucc,8,110,complete,676,803,531,652
596,tket_uccs_set,8,110,complete,614,730,489,658
597,tket_uccs_pair,8,110,complete,614,730,508,728
598,pauliopt_steiner_nc,8,110,complete,614,730,468,645
599,pauliopt_ucc,8,110,complete,614,730,533,641
600,tket_uccs_set,8,110,complete,648,802,540,758
601,tket_uccs_pair,8,110,complete,648,802,536,837
602,pauliopt_steiner_nc,8,110,complete,648,802,490,678
603,pauliopt_ucc,8,110,complete,648,802,475,577
604,tket_uccs_set,8,110,complete,632,772,514,679
605,tket_uccs_pair,8,110,complete,632,772,516,748
606,pauliopt_steiner_nc,8,110,complete,632,772,492,708
607,pauliopt_ucc,8,110,complete,632,772,469,617
608,tket_uccs_set,8,110,complete,708,847,591,809
609,tket_uccs_pair,8,110,complete,708,847,586,853
610,pauliopt_steiner_nc,8,110,complete,708,847,566,783
611,pauliopt_ucc,8,110,complete,708,847,468,581
612,tket_uccs_set,8,110,complete,672,804,540,799
613,tket_uccs_pair,8,110,complete,672,804,564,825
614,pauliopt_steiner_nc,8,110,complete,672,804,522,711
615,pauliopt_ucc,8,110,complete,672,804,484,586
616,tket_uccs_set,8,110,complete,768,920,565,788
617,tket_uccs_pair,8,110,complete,768,920,612,846
618,pauliopt_steiner_nc,8,110,complete,768,920,580,773
619,pauliopt_ucc,8,110,complete,768,920,501,598
620,tket_uccs_set,8,110,complete,624,760,512,679
621,tket_uccs_pair,8,110,complete,624,760,528,772
622,pauliopt_steiner_nc,8,110,complete,624,760,514,698
623,pauliopt_ucc,8,110,complete,624,760,467,603
624,tket_uccs_set,8,110,complete,658,823,534,724
625,tket_uccs_pair,8,110,complete,658,823,564,815
626,pauliopt_steiner_nc,8,110,complete,658,823,522,718
627,pauliopt_ucc,8,110,complete,658,823,504,675
628,tket_uccs_set,8,110,complete,642,777,532,706
629,tket_uccs_pair,8,110,complete,642,777,536,793
630,pauliopt_steiner_nc,8,110,complete,642,777,528,731
631,pauliopt_ucc,8,110,complete,642,777,543,692
632,tket_uccs_set,8,110,complete,714,893,537,767
633,tket_uccs_pair,8,110,complete,714,893,576,848
634,pauliopt_steiner_nc,8,110,complete,714,893,570,773
635,pauliopt_ucc,8,110,complete,714,893,487,596
636,tket_uccs_set,8,110,complete,712,869,583,796
637,tket_uccs_pair,8,110,complete,712,869,554,855
638,pauliopt_steiner_nc,8,110,complete,712,869,540,744
639,pauliopt_ucc,8,110,complete,712,869,488,611
640,tket_uccs_set,8,130,complete,848,1036,693,1001
641,tket_uccs_pair,8,130,complete,848,1036,692,985
642,pauliopt_steiner_nc,8,130,complete,848,1036,602,847
643,pauliopt_ucc,8,130,complete,848,1036,591,747
644,tket_uccs_set,8,130,complete,828,992,691,967
645,tket_uccs_pair,8,130,complete,828,992,686,993
646,pauliopt_steiner_nc,8,130,complete,828,992,618,845
647,pauliopt_ucc,8,130,complete,828,992,569,709
648,tket_uccs_set,8,130,complete,806,994,644,895
649,tket_uccs_pair,8,130,complete,806,994,646,993
650,pauliopt_steiner_nc,8,130,complete,806,994,594,841
651,pauliopt_ucc,8,130,complete,806,994,565,721
652,tket_uccs_set,8,130,complete,814,992,661,845
653,tket_uccs_pair,8,130,complete,814,992,660,1003
654,pauliopt_steiner_nc,8,130,complete,814,992,628,881
655,pauliopt_ucc,8,130,complete,814,992,615,764
656,tket_uccs_set,8,130,complete,808,995,680,927
657,tket_uccs_pair,8,130,complete,808,995,656,955
658,pauliopt_steiner_nc,8,130,complete,808,995,542,767
659,pauliopt_ucc,8,130,complete,808,995,598,775
660,tket_uccs_set,8,130,complete,718,892,603,814
661,tket_uccs_pair,8,130,complete,718,892,604,863
662,pauliopt_steiner_nc,8,130,complete,718,892,544,780
663,pauliopt_ucc,8,130,complete,718,892,599,751
664,tket_uccs_set,8,130,complete,720,850,620,825
665,tket_uccs_pair,8,130,complete,720,850,606,868
666,pauliopt_steiner_nc,8,130,complete,720,850,532,753
667,pauliopt_ucc,8,130,complete,720,850,651,806
668,tket_uccs_set,8,130,complete,790,956,679,874
669,tket_uccs_pair,8,130,complete,790,956,676,951
670,pauliopt_steiner_nc,8,130,complete,790,956,582,816
671,pauliopt_ucc,8,130,complete,790,956,580,720
672,tket_uccs_set,8,130,complete,770,966,636,825
673,tket_uccs_pair,8,130,complete,770,966,642,907
674,pauliopt_steiner_nc,8,130,complete,770,966,586,837
675,pauliopt_ucc,8,130,complete,770,966,578,754
676,tket_uccs_set,8,130,complete,788,933,649,873
677,tket_uccs_pair,8,130,complete,788,933,636,927
678,pauliopt_steiner_nc,8,130,complete,788,933,544,766
679,pauliopt_ucc,8,130,complete,788,933,567,702
680,tket_uccs_set,8,130,complete,746,932,644,866
681,tket_uccs_pair,8,130,complete,746,932,614,929
682,pauliopt_steiner_nc,8,130,complete,746,932,546,774
683,pauliopt_ucc,8,130,complete,746,932,613,762
684,tket_uccs_set,8,130,complete,716,892,608,894
685,tket_uccs_pair,8,130,complete,716,892,600,909
686,pauliopt_steiner_nc,8,130,complete,716,892,552,776
687,pauliopt_ucc,8,130,complete,716,892,609,756
688,tket_uccs_set,8,130,complete,742,918,632,823
689,tket_uccs_pair,8,130,complete,742,918,608,892
690,pauliopt_steiner_nc,8,130,complete,742,918,604,866
691,pauliopt_ucc,8,130,complete,742,918,551,709
692,tket_uccs_set,8,130,complete,790,949,635,857
693,tket_uccs_pair,8,130,complete,790,949,660,972
694,pauliopt_steiner_nc,8,130,complete,790,949,562,796
695,pauliopt_ucc,8,130,complete,790,949,612,736
696,tket_uccs_set,8,130,complete,778,991,640,891
697,tket_uccs_pair,8,130,complete,778,991,652,978
698,pauliopt_steiner_nc,8,130,complete,778,991,618,876
699,pauliopt_ucc,8,130,complete,778,991,613,761
700,tket_uccs_set,8,130,complete,686,862,626,848
701,tket_uccs_pair,8,130,complete,686,862,574,838
702,pauliopt_steiner_nc,8,130,complete,686,862,562,802
703,pauliopt_ucc,8,130,complete,686,862,576,720
704,tket_uccs_set,8,130,complete,804,974,690,909
705,tket_uccs_pair,8,130,complete,804,974,680,951
706,pauliopt_steiner_nc,8,130,complete,804,974,630,878
707,pauliopt_ucc,8,130,complete,804,974,579,746
708,tket_uccs_set,8,130,complete,810,1009,624,865
709,tket_uccs_pair,8,130,complete,810,1009,668,976
710,pauliopt_steiner_nc,8,130,complete,810,1009,640,869
711,pauliopt_ucc,8,130,complete,810,1009,578,718
712,tket_uccs_set,8,130,complete,744,912,623,829
713,tket_uccs_pair,8,130,complete,744,912,608,939
714,pauliopt_steiner_nc,8,130,complete,744,912,552,762
715,pauliopt_ucc,8,130,complete,744,912,621,737
716,tket_uccs_set,8,130,complete,784,967,685,914
717,tket_uccs_pair,8,130,complete,784,967,660,916
718,pauliopt_steiner_nc,8,130,complete,784,967,556,823
719,pauliopt_ucc,8,130,complete,784,967,632,733
720,tket_uccs_set,8,150,complete,898,1067,756,973
721,tket_uccs_pair,8,150,complete,898,1067,738,1115
722,pauliopt_steiner_nc,8,150,complete,898,1067,634,893
723,pauliopt_ucc,8,150,complete,898,1067,738,914
724,tket_uccs_set,8,150,complete,906,1113,749,981
725,tket_uccs_pair,8,150,complete,906,1113,748,1098
726,pauliopt_steiner_nc,8,150,complete,906,1113,712,975
727,pauliopt_ucc,8,150,complete,906,1113,665,863
728,tket_uccs_set,8,150,complete,938,1182,742,971
729,tket_uccs_pair,8,150,complete,938,1182,764,1154
730,pauliopt_steiner_nc,8,150,complete,938,1182,664,944
731,pauliopt_ucc,8,150,complete,938,1182,636,802
732,tket_uccs_set,8,150,complete,876,1077,725,912
733,tket_uccs_pair,8,150,complete,876,1077,722,1049
734,pauliopt_steiner_nc,8,150,complete,876,1077,634,892
735,pauliopt_ucc,8,150,complete,876,1077,667,797
736,tket_uccs_set,8,150,complete,936,1142,741,1026
737,tket_uccs_pair,8,150,complete,936,1142,746,1075
738,pauliopt_steiner_nc,8,150,complete,936,1142,626,883
739,pauliopt_ucc,8,150,complete,936,1142,656,782
740,tket_uccs_set,8,150,complete,826,1002,736,947
741,tket_uccs_pair,8,150,complete,826,1002,698,1014
742,pauliopt_steiner_nc,8,150,complete,826,1002,626,879
743,pauliopt_ucc,8,150,complete,826,1002,688,852
744,tket_uccs_set,8,150,complete,810,1003,719,932
745,tket_uccs_pair,8,150,complete,810,1003,680,1010
746,pauliopt_steiner_nc,8,150,complete,810,1003,638,885
747,pauliopt_ucc,8,150,complete,810,1003,635,789
748,tket_uccs_set,8,150,complete,918,1148,756,1014
749,tket_uccs_pair,8,150,complete,918,1148,760,1141
750,pauliopt_steiner_nc,8,150,complete,918,1148,628,890
751,pauliopt_ucc,8,150,complete,918,1148,694,840
752,tket_uccs_set,8,150,complete,872,1075,735,1003
753,tket_uccs_pair,8,150,complete,872,1075,734,1077
754,pauliopt_steiner_nc,8,150,complete,872,1075,636,890
755,pauliopt_ucc,8,150,complete,872,1075,644,817
756,tket_uccs_set,8,150,complete,894,1114,775,1038
757,tket_uccs_pair,8,150,complete,894,1114,738,1103
758,pauliopt_steiner_nc,8,150,complete,894,1114,702,993
759,pauliopt_ucc,8,150,complete,894,1114,699,854
760,tket_uccs_set,8,150,complete,858,1041,713,977
761,tket_uccs_pair,8,150,complete,858,1041,694,1090
762,pauliopt_steiner_nc,8,150,complete,858,1041,686,953
763,pauliopt_ucc,8,150,complete,858,1041,649,800
764,tket_uccs_set,8,150,complete,886,1099,748,1006
765,tket_uccs_pair,8,150,complete,886,1099,722,1091
766,pauliopt_steiner_nc,8,150,complete,886,1099,674,970
767,pauliopt_ucc,8,150,complete,886,1099,682,884
768,tket_uccs_set,8,150,complete,884,1102,749,1009
769,tket_uccs_pair,8,150,complete,884,1102,736,1067
770,pauliopt_steiner_nc,8,150,complete,884,1102,634,925
771,pauliopt_ucc,8,150,complete,884,1102,662,810
772,tket_uccs_set,8,150,complete,848,1050,741,966
773,tket_uccs_pair,8,150,complete,848,1050,700,1051
774,pauliopt_steiner_nc,8,150,complete,848,1050,662,941
775,pauliopt_ucc,8,150,complete,848,1050,740,917
776,tket_uccs_set,8,150,complete,928,1142,805,1049
777,tket_uccs_pair,8,150,complete,928,1142,756,1093
778,pauliopt_steiner_nc,8,150,complete,928,1142,694,964
779,pauliopt_ucc,8,150,complete,928,1142,753,916
780,tket_uccs_set,8,150,complete,876,1079,753,996
781,tket_uccs_pair,8,150,complete,876,1079,724,1069
782,pauliopt_steiner_nc,8,150,complete,876,1079,636,913
783,pauliopt_ucc,8,150,complete,876,1079,686,870
784,tket_uccs_set,8,150,complete,788,971,713,951
785,tket_uccs_pair,8,150,complete,788,971,654,975
786,pauliopt_steiner_nc,8,150,complete,788,971,608,884
787,pauliopt_ucc,8,150,complete,788,971,646,819
788,tket_uccs_set,8,150,complete,898,1094,757,981
789,tket_uccs_pair,8,150,complete,898,1094,738,1095
790,pauliopt_steiner_nc,8,150,complete,898,1094,664,949
791,pauliopt_ucc,8,150,complete,898,1094,642,800
792,tket_uccs_set,8,150,complete,886,1115,732,989
793,tket_uccs_pair,8,150,complete,886,1115,714,1091
794,pauliopt_steiner_nc,8,150,complete,886,1115,646,929
795,pauliopt_ucc,8,150,complete,886,1115,672,793
796,tket_uccs_set,8,150,complete,934,1110,749,1059
797,tket_uccs_pair,8,150,complete,934,1110,782,1126
798,pauliopt_steiner_nc,8,150,complete,934,1110,648,902
799,pauliopt_ucc,8,150,complete,934,1110,646,747
800,tket_uccs_set,8,200,complete,1236,1506,995,1324
801,tket_uccs_pair,8,200,complete,1236,1506,1012,1472
802,pauliopt_steiner_nc,8,200,complete,1236,1506,826,1174
803,pauliopt_ucc,8,200,complete,1236,1506,871,1060
804,tket_uccs_set,8,200,complete,1258,1515,1051,1497
805,tket_uccs_pair,8,200,complete,1258,1515,1048,1520
806,pauliopt_steiner_nc,8,200,complete,1258,1515,894,1255
807,pauliopt_ucc,8,200,complete,1258,1515,869,1059
808,tket_uccs_set,8,200,complete,1322,1622,1019,1422
809,tket_uccs_pair,8,200,complete,1322,1622,1060,1527
810,pauliopt_steiner_nc,8,200,complete,1322,1622,894,1243
811,pauliopt_ucc,8,200,complete,1322,1622,860,1060
812,tket_uccs_set,8,200,complete,1232,1500,1004,1338
813,tket_uccs_pair,8,200,complete,1232,1500,1016,1415
814,pauliopt_steiner_nc,8,200,complete,1232,1500,872,1231
815,pauliopt_ucc,8,200,complete,1232,1500,932,1107
816,tket_uccs_set,8,200,complete,1232,1488,1008,1308
817,tket_uccs_pair,8,200,complete,1232,1488,1008,1456
818,pauliopt_steiner_nc,8,200,complete,1232,1488,898,1257
819,pauliopt_ucc,8,200,complete,1232,1488,905,1137
820,tket_uccs_set,8,200,complete,1170,1433,941,1275
821,tket_uccs_pair,8,200,complete,1170,1433,946,1436
822,pauliopt_steiner_nc,8,200,complete,1170,1433,772,1114
823,pauliopt_ucc,8,200,complete,1170,1433,903,1107
824,tket_uccs_set,8,200,complete,1196,1457,987,1298
825,tket_uccs_pair,8,200,complete,1196,1457,984,1429
826,pauliopt_steiner_nc,8,200,complete,1196,1457,852,1184
827,pauliopt_ucc,8,200,complete,1196,1457,872,1024
828,tket_uccs_set,8,200,complete,1168,1406,977,1269
829,tket_uccs_pair,8,200,complete,1168,1406,950,1409
830,pauliopt_steiner_nc,8,200,complete,1168,1406,796,1148
831,pauliopt_ucc,8,200,complete,1168,1406,838,1007
832,tket_uccs_set,8,200,complete,1198,1442,986,1296
833,tket_uccs_pair,8,200,complete,1198,1442,990,1424
834,pauliopt_steiner_nc,8,200,complete,1198,1442,840,1190
835,pauliopt_ucc,8,200,complete,1198,1442,782,958
836,tket_uccs_set,8,200,complete,1228,1489,1019,1357
837,tket_uccs_pair,8,200,complete,1228,1489,1008,1429
838,pauliopt_steiner_nc,8,200,complete,1228,1489,848,1224
839,pauliopt_ucc,8,200,complete,1228,1489,853,1050
840,tket_uccs_set,8,200,complete,1190,1488,972,1289
841,tket_uccs_pair,8,200,complete,1190,1488,960,1462
842,pauliopt_steiner_nc,8,200,complete,1190,1488,844,1199
843,pauliopt_ucc,8,200,complete,1190,1488,890,1042
844,tket_uccs_set,8,200,complete,1182,1423,991,1303
845,tket_uccs_pair,8,200,complete,1182,1423,972,1433
846,pauliopt_steiner_nc,8,200,complete,1182,1423,836,1179
847,pauliopt_ucc,8,200,complete,1182,1423,889,1051
848,tket_uccs_set,8,200,complete,1196,1464,968,1219
849,tket_uccs_pair,8,200,complete,1196,1464,974,1409
850,pauliopt_steiner_nc,8,200,complete,1196,1464,808,1155
851,pauliopt_ucc,8,200,complete,1196,1464,860,1048
852,tket_uccs_set,8,200,complete,1184,1482,954,1258
853,tket_uccs_pair,8,200,complete,1184,1482,972,1382
854,pauliopt_steiner_nc,8,200,complete,1184,1482,802,1169
855,pauliopt_ucc,8,200,complete,1184,1482,907,1062
856,tket_uccs_set,8,200,complete,1230,1489,997,1280
857,tket_uccs_pair,8,200,complete,1230,1489,990,1470
858,pauliopt_steiner_nc,8,200,complete,1230,1489,850,1193
859,pauliopt_ucc,8,200,complete,1230,1489,908,1099
860,tket_uccs_set,8,200,complete,1230,1528,966,1267
861,tket_uccs_pair,8,200,complete,1230,1528,1014,1453
862,pauliopt_steiner_nc,8,200,complete,1230,1528,848,1192
863,pauliopt_ucc,8,200,complete,1230,1528,938,1147
864,tket_uccs_set,8,200,complete,1204,1499,981,1299
865,tket_uccs_pair,8,200,complete,1204,1499,984,1435
866,pauliopt_steiner_nc,8,200,complete,1204,1499,820,1186
867,pauliopt_ucc,8,200,complete,1204,1499,873,1097
868,tket_uccs_set,8,200,complete,1222,1480,972,1281
869,tket_uccs_pair,8,200,complete,1222,1480,996,1437
870,pauliopt_steiner_nc,8,200,complete,1222,1480,874,1250
871,pauliopt_ucc,8,200,complete,1222,1480,805,966
872,tket_uccs_set,8,200,complete,1240,1504,989,1286
873,tket_uccs_pair,8,200,complete,1240,1504,1006,1537
874,pauliopt_steiner_nc,8,200,complete,1240,1504,848,1188
875,pauliopt_ucc,8,200,complete,1240,1504,871,1049
876,tket_uccs_set,8,200,complete,1196,1469,934,1226
877,tket_uccs_pair,8,200,complete,1196,1469,982,1436
878,pauliopt_steiner_nc,8,200,complete,1196,1469,742,1085
879,pauliopt_ucc,8,200,complete,1196,1469,879,1080
880,tket_uccs_set,8,300,complete,1796,2214,1420,1891
881,tket_uccs_pair,8,300,complete,1796,2214,1464,2114
882,pauliopt_steiner_nc,8,300,complete,1796,2214,1192,1704
883,pauliopt_ucc,8,300,complete,1796,2214,1249,1460
884,tket_uccs_set,8,300,complete,1746,2141,1355,1808
885,tket_uccs_pair,8,300,complete,1746,2141,1416,2032
886,pauliopt_steiner_nc,8,300,complete,1746,2141,1188,1721
887,pauliopt_ucc,8,300,complete,1746,2141,1260,1543
888,tket_uccs_set,8,300,complete,1596,1978,1318,1659
889,tket_uccs_pair,8,300,complete,1596,1978,1326,1911
890,pauliopt_steiner_nc,8,300,complete,1596,1978,966,1464
891,pauliopt_ucc,8,300,complete,1596,1978,1158,1391
892,tket_uccs_set,8,300,complete,1850,2238,1477,1937
893,tket_uccs_pair,8,300,complete,1850,2238,1516,2143
894,pauliopt_steiner_nc,8,300,complete,1850,2238,1106,1630
895,pauliopt_ucc,8,300,complete,1850,2238,1329,1604
896,tket_uccs_set,8,300,complete,1800,2176,1404,1754
897,tket_uccs_pair,8,300,complete,1800,2176,1458,2072
898,pauliopt_steiner_nc,8,300,complete,1800,2176,1194,1726
899,pauliopt_ucc,8,300,complete,1800,2176,1293,1516
900,tket_uccs_set,8,300,complete,1740,2150,1370,1833
901,tket_uccs_pair,8,300,complete,1740,2150,1412,2017
902,pauliopt_steiner_nc,8,300,complete,1740,2150,1140,1646
903,pauliopt_ucc,8,300,complete,1740,2150,1289,1576
904,tket_uccs_set,8,300,complete,1764,2138,1475,1981
905,tket_uccs_pair,8,300,complete,1764,2138,1452,2045
906,pauliopt_steiner_nc,8,300,complete,1764,2138,1110,1613
907,pauliopt_ucc,8,300,complete,1764,2138,1212,1452
908,tket_uccs_set,8,300,complete,1890,2308,1415,1847
909,tket_uccs_pair,8,300,complete,1890,2308,1508,2156
910,pauliopt_steiner_nc,8,300,complete,1890,2308,1126,1623
911,pauliopt_ucc,8,300,complete,1890,2308,1330,1588
912,tket_uccs_set,8,300,complete,1786,2183,1338,1748
913,tket_uccs_pair,8,300,complete,1786,2183,1422,2118
914,pauliopt_steiner_nc,8,300,complete,1786,2183,1168,1724
915,pauliopt_ucc,8,300,complete,1786,2183,1259,1518
916,tket_uccs_set,8,300,complete,1778,2201,1418,1797
917,tket_uccs_pair,8,300,complete,1778,2201,1472,2138
918,pauliopt_steiner_nc,8,300,complete,1778,2201,1236,1796
919,pauliopt_ucc,8,300,complete,1778,2201,1184,1478
920,tket_uccs_set,8,300,complete,1772,2190,1454,1853
921,tket_uccs_pair,8,300,complete,1772,2190,1448,2072
922,pauliopt_steiner_nc,8,300,complete,1772,2190,1140,1671
923,pauliopt_ucc,8,300,complete,1772,2190,1266,1553
924,tket_uccs_set,8,300,complete,1888,2290,1489,1919
925,tket_uccs_pair,8,300,complete,1888,2290,1558,2210
926,pauliopt_steiner_nc,8,300,complete,1888,2290,1086,1600
927,pauliopt_ucc,8,300,complete,1888,2290,1243,1454
928,tket_uccs_set,8,300,complete,1802,2237,1444,1871
929,tket_uccs_pair,8,300,complete,1802,2237,1478,2146
930,pauliopt_steiner_nc,8,300,complete,1802,2237,1154,1667
931,pauliopt_ucc,8,300,complete,1802,2237,1254,1516
932,tket_uccs_set,8,300,complete,1748,2144,1430,1847
933,tket_uccs_pair,8,300,complete,1748,2144,1408,2089
934,pauliopt_steiner_nc,8,300,complete,1748,2144,1082,1571
935,pauliopt_ucc,8,300,complete,1748,2144,1173,1421
936,tket_uccs_set,8,300,complete,1856,2292,1398,1822
937,tket_uccs_pair,8,300,complete,1856,2292,1478,2143
938,pauliopt_steiner_nc,8,300,complete,1856,2292,1160,1661
939,pauliopt_ucc,8,300,complete,1856,2292,1349,1568
940,tket_uccs_set,8,300,complete,1736,2087,1354,1769
941,tket_uccs_pair,8,300,complete,1736,2087,1408,2075
942,pauliopt_steiner_nc,8,300,complete,1736,2087,1120,1653
943,pauliopt_ucc,8,300,complete,1736,2087,1254,1504
944,tket_uccs_set,8,300,complete,1726,2147,1345,1789
945,tket_uccs_pair,8,300,complete,1726,2147,1380,2024
946,pauliopt_steiner_nc,8,300,complete,1726,2147,1044,1537
947,pauliopt_ucc,8,300,complete,1726,2147,1144,1337
948,tket_uccs_set,8,300,complete,1836,2213,1379,1850
949,tket_uccs_pair,8,300,complete,1836,2213,1492,2144
950,pauliopt_steiner_nc,8,300,complete,1836,2213,1094,1588
951,pauliopt_ucc,8,300,complete,1836,2213,1125,1399
952,tket_uccs_set,8,300,complete,1716,2115,1311,1783
953,tket_uccs_pair,8,300,complete,1716,2115,1406,2034
954,pauliopt_steiner_nc,8,300,complete,1716,2115,1054,1517
955,pauliopt_ucc,8,300,complete,1716,2115,1233,1484
956,tket_uccs_set,8,300,complete,1766,2204,1392,1842
957,tket_uccs_pair,8,300,complete,1766,2204,1434,2104
958,pauliopt_steiner_nc,8,300,complete,1766,2204,1058,1562
959,pauliopt_ucc,8,300,complete,1766,2204,1304,1541
960,tket_uccs_set,8,500,complete,2924,3592,2258,2892
961,tket_uccs_pair,8,500,complete,2924,3592,2332,3427
962,pauliopt_steiner_nc,8,500,complete,2924,3592,1670,2521
963,pauliopt_ucc,8,500,complete,2924,3592,1893,2228
964,tket_uccs_set,8,500,complete,3004,3663,2236,2925
965,tket_uccs_pair,8,500,complete,3004,3663,2390,3500
966,pauliopt_steiner_nc,8,500,complete,3004,3663,1558,2324
967,pauliopt_ucc,8,500,complete,3004,3663,1994,2341
968,tket_uccs_set,8,500,complete,3032,3706,2170,2808
969,tket_uccs_pair,8,500,complete,3032,3706,2398,3366
970,pauliopt_steiner_nc,8,500,complete,3032,3706,1820,2675
971,pauliopt_ucc,8,500,complete,3032,3706,1873,2215
972,tket_uccs_set,8,500,complete,3080,3744,2286,2941
973,tket_uccs_pair,8,500,complete,3080,3744,2444,3481
974,pauliopt_steiner_nc,8,500,complete,3080,3744,1674,2494
975,pauliopt_ucc,8,500,complete,3080,3744,2027,2442
976,tket_uccs_set,8,500,complete,3070,3723,2254,2881
977,tket_uccs_pair,8,500,complete,3070,3723,2458,3438
978,pauliopt_steiner_nc,8,500,complete,3070,3723,1840,2726
979,pauliopt_ucc,8,500,complete,3070,3723,1985,2333
980,tket_uccs_set,8,500,complete,2978,3654,2207,2950
981,tket_uccs_pair,8,500,complete,2978,3654,2386,3373
982,pauliopt_steiner_nc,8,500,complete,2978,3654,1678,2516
983,pauliopt_ucc,8,500,complete,2978,3654,2038,2399
984,tket_uccs_set,8,500,complete,3044,3687,2273,2928
985,tket_uccs_pair,8,500,complete,3044,3687,2384,3362
986,pauliopt_steiner_nc,8,500,complete,3044,3687,1786,2617
987,pauliopt_ucc,8,500,complete,3044,3687,1988,2295
988,tket_uccs_set,8,500,complete,3116,3844,2315,3054
989,tket_uccs_pair,8,500,complete,3116,3844,2508,3537
990,pauliopt_steiner_nc,8,500,complete,3116,3844,1814,2681
991,pauliopt_ucc,8,500,complete,3116,3844,1983,2365
992,tket_uccs_set,8,500,complete,3068,3768,2230,2805
993,tket_uccs_pair,8,500,complete,3068,3768,2452,3420
994,pauliopt_steiner_nc,8,500,complete,3068,3768,1658,2491
995,pauliopt_ucc,8,500,complete,3068,3768,1941,2291
996,tket_uccs_set,8,500,complete,2954,3637,2344,2934
997,tket_uccs_pair,8,500,complete,2954,3637,2382,3352
998,pauliopt_steiner_nc,8,500,complete,2954,3637,1618,2437
999,pauliopt_ucc,8,500,complete,2954,3637,1987,2345
1000,tket_uccs_set,8,500,complete,3068,3760,2296,2989
1001,tket_uccs_pair,8,500,complete,3068,3760,2410,3554
1002,pauliopt_steiner_nc,8,500,complete,3068,3760,1798,2687
1003,pauliopt_ucc,8,500,complete,3068,3760,1959,2297
1004,tket_uccs_set,8,500,complete,2998,3618,2290,2937
1005,tket_uccs_pair,8,500,complete,2998,3618,2422,3453
1006,pauliopt_steiner_nc,8,500,complete,2998,3618,1690,2575
1007,pauliopt_ucc,8,500,complete,2998,3618,1968,2333
1008,tket_uccs_set,8,500,complete,2968,3618,2282,3070
1009,tket_uccs_pair,8,500,complete,2968,3618,2334,3368
1010,pauliopt_steiner_nc,8,500,complete,2968,3618,1682,2501
1011,pauliopt_ucc,8,500,complete,2968,3618,1952,2326
1012,tket_uccs_set,8,500,complete,2886,3501,2267,2910
1013,tket_uccs_pair,8,500,complete,2886,3501,2304,3325
1014,pauliopt_steiner_nc,8,500,complete,2886,3501,1514,2349
1015,pauliopt_ucc,8,500,complete,2886,3501,1922,2276
1016,tket_uccs_set,8,500,complete,3006,3715,2307,2937
1017,tket_uccs_pair,8,500,complete,3006,3715,2420,3495
1018,pauliopt_steiner_nc,8,500,complete,3006,3715,1706,2563
1019,pauliopt_ucc,8,500,complete,3006,3715,2005,2397
1020,tket_uccs_set,8,500,complete,3132,3832,2336,3015
1021,tket_uccs_pair,8,500,complete,3132,3832,2476,3493
1022,pauliopt_steiner_nc,8,500,complete,3132,3832,1650,2479
1023,pauliopt_ucc,8,500,complete,3132,3832,1913,2274
1024,tket_uccs_set,8,500,complete,3046,3701,2299,3066
1025,tket_uccs_pair,8,500,complete,3046,3701,2466,3522
1026,pauliopt_steiner_nc,8,500,complete,3046,3701,1582,2363
1027,pauliopt_ucc,8,500,complete,3046,3701,1912,2289
1028,tket_uccs_set,8,500,complete,3036,3744,2300,3030
1029,tket_uccs_pair,8,500,complete,3036,3744,2450,3493
1030,pauliopt_steiner_nc,8,500,complete,3036,3744,1726,2563
1031,pauliopt_ucc,8,500,complete,3036,3744,1949,2361
1032,tket_uccs_set,8,500,complete,3094,3799,2293,2966
1033,tket_uccs_pair,8,500,complete,3094,3799,2478,3523
1034,pauliopt_steiner_nc,8,500,complete,3094,3799,1694,2502
1035,pauliopt_ucc,8,500,complete,3094,3799,2039,2394
1036,tket_uccs_set,8,500,complete,3068,3729,2317,2937
1037,tket_uccs_pair,8,500,complete,3068,3729,2432,3487
1038,pauliopt_steiner_nc,8,500,complete,3068,3729,1662,2510
1039,pauliopt_ucc,8,500,complete,3068,3729,2037,2378
1040,tket_uccs_set,8,1000,complete,6238,7540,4279,5545
1041,tket_uccs_pair,8,1000,complete,6238,7540,4836,6838
1042,pauliopt_steiner_nc,8,1000,complete,6238,7540,3286,4938
1043,pauliopt_ucc,8,1000,complete,6238,7540,3609,4296
1044,tket_uccs_set,8,1000,complete,6100,7511,4223,5517
1045,tket_uccs_pair,8,1000,complete,6100,7511,4784,6798
1046,pauliopt_steiner_nc,8,1000,complete,6100,7511,3018,4664
1047,pauliopt_ucc,8,1000,complete,6100,7511,3564,4151
1048,tket_uccs_set,8,1000,complete,6066,7396,4296,5555
1049,tket_uccs_pair,8,1000,complete,6066,7396,4784,6813
1050,pauliopt_steiner_nc,8,1000,complete,6066,7396,2936,4554
1051,pauliopt_ucc,8,1000,complete,6066,7396,3663,4246
1052,tket_uccs_set,8,1000,complete,6012,7372,4163,5276
1053,tket_uccs_pair,8,1000,complete,6012,7372,4742,6674
1054,pauliopt_steiner_nc,8,1000,complete,6012,7372,2886,4573
1055,pauliopt_ucc,8,1000,complete,6012,7372,3685,4257
1056,tket_uccs_set,8,1000,complete,6042,7377,4230,5333
1057,tket_uccs_pair,8,1000,complete,6042,7377,4672,6479
1058,pauliopt_steiner_nc,8,1000,complete,6042,7377,2906,4457
1059,pauliopt_ucc,8,1000,complete,6042,7377,3438,3976
1060,tket_uccs_set,8,1000,complete,6112,7375,4211,5243
1061,tket_uccs_pair,8,1000,complete,6112,7375,4784,6763
1062,pauliopt_steiner_nc,8,1000,complete,6112,7375,2816,4371
1063,pauliopt_ucc,8,1000,complete,6112,7375,3541,4113
1064,tket_uccs_set,8,1000,complete,5990,7234,4105,5289
1065,tket_uccs_pair,8,1000,complete,5990,7234,4726,6637
1066,pauliopt_steiner_nc,8,1000,complete,5990,7234,2712,4264
1067,pauliopt_ucc,8,1000,complete,5990,7234,3579,4166
1068,tket_uccs_set,8,1000,complete,6056,7357,4258,5428
1069,tket_uccs_pair,8,1000,complete,6056,7357,4754,6694
1070,pauliopt_steiner_nc,8,1000,complete,6056,7357,2654,4233
1071,pauliopt_ucc,8,1000,complete,6056,7357,3730,4431
1072,tket_uccs_set,8,1000,complete,6046,7392,4228,5359
1073,tket_uccs_pair,8,1000,complete,6046,7392,4752,6680
1074,pauliopt_steiner_nc,8,1000,complete,6046,7392,2854,4463
1075,pauliopt_ucc,8,1000,complete,6046,7392,3678,4336
1076,tket_uccs_set,8,1000,complete,6098,7416,4312,5478
1077,tket_uccs_pair,8,1000,complete,6098,7416,4830,6691
1078,pauliopt_steiner_nc,8,1000,complete,6098,7416,2906,4481
1079,pauliopt_ucc,8,1000,complete,6098,7416,3575,4145
1080,tket_uccs_set,8,1000,complete,6028,7386,4173,5349
1081,tket_uccs_pair,8,1000,complete,6028,7386,4752,6619
1082,pauliopt_steiner_nc,8,1000,complete,6028,7386,2752,4296
1083,pauliopt_ucc,8,1000,complete,6028,7386,3557,4124
1084,tket_uccs_set,8,1000,complete,5944,7286,4152,5285
1085,tket_uccs_pair,8,1000,complete,5944,7286,4648,6521
1086,pauliopt_steiner_nc,8,1000,complete,5944,7286,2878,4503
1087,pauliopt_ucc,8,1000,complete,5944,7286,3530,4163
1088,tket_uccs_set,8,1000,complete,5912,7233,4231,5345
1089,tket_uccs_pair,8,1000,complete,5912,7233,4682,6495
1090,pauliopt_steiner_nc,8,1000,complete,5912,7233,2720,4223
1091,pauliopt_ucc,8,1000,complete,5912,7233,3565,4218
1092,tket_uccs_set,8,1000,complete,5954,7284,4159,5389
1093,tket_uccs_pair,8,1000,complete,5954,7284,4690,6681
1094,pauliopt_steiner_nc,8,1000,complete,5954,7284,2484,3964
1095,pauliopt_ucc,8,1000,complete,5954,7284,3516,4165
1096,tket_uccs_set,8,1000,complete,6000,7273,4244,5429
1097,tket_uccs_pair,8,1000,complete,6000,7273,4750,6737
1098,pauliopt_steiner_nc,8,1000,complete,6000,7273,2952,4602
1099,pauliopt_ucc,8,1000,complete,6000,7273,3422,3881
1100,tket_uccs_set,8,1000,complete,5964,7267,4279,5368
1101,tket_uccs_pair,8,1000,complete,5964,7267,4682,6515
1102,pauliopt_steiner_nc,8,1000,complete,5964,7267,3012,4649
1103,pauliopt_ucc,8,1000,complete,5964,7267,3602,4180
1104,tket_uccs_set,8,1000,complete,6000,7369,4182,5351
1105,tket_uccs_pair,8,1000,complete,6000,7369,4704,6628
1106,pauliopt_steiner_nc,8,1000,complete,6000,7369,2696,4272
1107,pauliopt_ucc,8,1000,complete,6000,7369,3699,4233
1108,tket_uccs_set,8,1000,complete,6082,7392,4230,5370
1109,tket_uccs_pair,8,1000,complete,6082,7392,4734,6690
1110,pauliopt_steiner_nc,8,1000,complete,6082,7392,2692,4171
1111,pauliopt_ucc,8,1000,complete,6082,7392,3548,4148
1112,tket_uccs_set,8,1000,complete,6090,7386,4273,5333
1113,tket_uccs_pair,8,1000,complete,6090,7386,4724,6696
1114,pauliopt_steiner_nc,8,1000,complete,6090,7386,3044,4711
1115,pauliopt_ucc,8,1000,complete,6090,7386,3556,4081
1116,tket_uccs_set,8,1000,complete,5862,7196,4197,5192
1117,tket_uccs_pair,8,1000,complete,5862,7196,4630,6504
1118,pauliopt_steiner_nc,8,1000,complete,5862,7196,2710,4308
1119,pauliopt_ucc,8,1000,complete,5862,7196,3579,4060
